materialId,name,unit,code,price,cost
27031,Pulnex,vnt,11,86,12
27032,Milteliai Mettox CB 5,kg,7,96,62
27033,Pulnex,vnt,52,41,61
27034,Vylių dėžutė pelėms Peti,vnt,47,41,22
27035,Milteliai Mettox CB 5,kg,52,41,37
27036,Milteliai Mettox CB 5,vnt,89,5,31
27037,Milteliai Mettox CB 5,kg,28,49,97
27038,Milteliai Mettox CB 5,vnt,43,45,75
27039,Pulnex,vnt,60,55,93
27040,Milteliai Mettox CB 5,kg,44,67,79
27041,Spąstai pelėms gyvagaudžiai Repeater (metaliniai),vnt,17,18,40
27042,Vylių dėžutė kartoninė pelėms,kg,94,42,54
27043,Milteliai Mettox CB 5,vnt,65,51,28
27044,Spąstai pelėms gyvagaudžiai Repeater (metaliniai),vnt,8,3,34
27045,Vylių dėžutė pelėms Peti,kg,87,42,62
27046,Spąstai pelėms gyvagaudžiai Repeater (metaliniai),vnt,100,23,30
27047,Spąstai pelėms gyvagaudžiai Repeater (metaliniai),vnt,28,96,7
27048,Spąstai pelėms gyvagaudžiai Repeater (metaliniai),kg,57,62,91
27049,Pulnex,vnt,70,75,36
27050,Vylių dėžutė pelėms Peti,kg,25,6,38
27051,Vylių dėžutė kartoninė pelėms,vnt,45,45,30
27052,Pulnex,kg,93,6,47
27053,Milteliai Mettox CB 5,vnt,36,50,80
27054,Vylių dėžutė kartoninė pelėms,kg,28,98,79
27055,Pulnex,kg,63,88,83
27056,Vylių dėžutė pelėms Peti,vnt,17,24,92
27057,Vylių dėžutė kartoninė pelėms,vnt,80,99,27
27058,Pulnex,kg,51,2,11
27059,Vylių dėžutė pelėms Peti,kg,95,34,72
27060,Spąstai pelėms gyvagaudžiai Repeater (metaliniai),vnt,89,2,73
27061,Spąstai pelėms gyvagaudžiai Repeater (metaliniai),kg,81,30,8
27062,Spąstai pelėms gyvagaudžiai Repeater (metaliniai),kg,94,80,52
27063,Vylių dėžutė pelėms Peti,kg,33,64,33
27064,Vylių dėžutė kartoninė pelėms,vnt,38,11,74
27065,Vylių dėžutė kartoninė pelėms,kg,97,43,41
27066,Spąstai pelėms gyvagaudžiai Repeater (metaliniai),kg,16,57,19
27067,Vylių dėžutė pelėms Peti,kg,39,70,53
27068,Vylių dėžutė kartoninė pelėms,kg,81,40,12
27069,Milteliai Mettox CB 5,kg,46,65,88
27070,Spąstai pelėms gyvagaudžiai Repeater (metaliniai),kg,60,16,35
27071,Milteliai Mettox CB 5,vnt,43,30,7
27072,Vylių dėžutė pelėms Peti,vnt,24,100,55
27073,Vylių dėžutė kartoninė pelėms,vnt,78,82,58
27074,Milteliai Mettox CB 5,kg,90,10,68
27075,Pulnex,kg,92,46,6
27076,Spąstai pelėms gyvagaudžiai Repeater (metaliniai),kg,30,39,40
27077,Spąstai pelėms gyvagaudžiai Repeater (metaliniai),vnt,4,7,3
27078,Pulnex,vnt,100,34,90
27079,Vylių dėžutė kartoninė pelėms,vnt,78,32,58
27080,Milteliai Mettox CB 5,vnt,86,24,71
27081,Vylių dėžutė kartoninė pelėms,kg,12,45,70
27082,Pulnex,kg,94,47,63
27083,Milteliai Mettox CB 5,kg,35,37,18
27084,Milteliai Mettox CB 5,kg,8,37,80
27085,Vylių dėžutė pelėms Peti,vnt,56,74,22
27086,Pulnex,kg,83,99,32
27087,Vylių dėžutė kartoninė pelėms,vnt,56,65,96
27088,Milteliai Mettox CB 5,vnt,19,19,30
27089,Vylių dėžutė pelėms Peti,vnt,41,16,88
27090,Vylių dėžutė kartoninė pelėms,vnt,34,66,90
27091,Pulnex,vnt,80,69,36
27092,Pulnex,vnt,45,85,81
27093,Spąstai pelėms gyvagaudžiai Repeater (metaliniai),kg,33,32,2
27094,Milteliai Mettox CB 5,vnt,85,48,76
27095,Pulnex,kg,28,54,44
27096,Pulnex,kg,97,50,78
27097,Vylių dėžutė pelėms Peti,vnt,40,66,32
27098,Spąstai pelėms gyvagaudžiai Repeater (metaliniai),vnt,14,20,52
27099,Vylių dėžutė pelėms Peti,vnt,89,28,26
27100,Vylių dėžutė pelėms Peti,vnt,83,75,3
27101,Vylių dėžutė kartoninė pelėms,vnt,31,86,42
27102,Spąstai pelėms gyvagaudžiai Repeater (metaliniai),kg,53,71,50
27103,Milteliai Mettox CB 5,vnt,12,69,22
27104,Vylių dėžutė kartoninė pelėms,kg,89,57,64
27105,Milteliai Mettox CB 5,vnt,59,28,79
27106,Vylių dėžutė pelėms Peti,kg,34,67,92
27107,Milteliai Mettox CB 5,kg,80,67,10
27108,Milteliai Mettox CB 5,kg,10,74,12
27109,Vylių dėžutė kartoninė pelėms,kg,69,71,72
27110,Vylių dėžutė pelėms Peti,kg,16,79,71
27111,Spąstai pelėms gyvagaudžiai Repeater (metaliniai),kg,22,38,46
27112,Pulnex,kg,64,34,88
27113,Vylių dėžutė kartoninė pelėms,vnt,12,36,37
27114,Milteliai Mettox CB 5,vnt,78,32,29
27115,Vylių dėžutė pelėms Peti,vnt,32,58,62
27116,Pulnex,kg,76,20,26
27117,Vylių dėžutė kartoninė pelėms,vnt,44,68,37
27118,Vylių dėžutė pelėms Peti,vnt,58,54,3
27119,Vylių dėžutė kartoninė pelėms,kg,73,57,44
27120,Pulnex,vnt,100,87,10
27121,Milteliai Mettox CB 5,vnt,100,61,35
27122,Spąstai pelėms gyvagaudžiai Repeater (metaliniai),vnt,82,36,84
27123,Pulnex,vnt,83,52,50
27124,Pulnex,kg,19,77,95
27125,Milteliai Mettox CB 5,kg,4,93,79
27126,Vylių dėžutė kartoninė pelėms,kg,57,47,89
27127,Spąstai pelėms gyvagaudžiai Repeater (metaliniai),vnt,65,65,36
27128,Vylių dėžutė pelėms Peti,kg,1,81,61
27129,Vylių dėžutė pelėms Peti,vnt,43,67,40
27130,Vylių dėžutė pelėms Peti,vnt,81,11,63
27131,Spąstai pelėms gyvagaudžiai Repeater (metaliniai),kg,84,79,24
27132,Spąstai pelėms gyvagaudžiai Repeater (metaliniai),kg,26,18,73
27133,Pulnex,vnt,48,79,48
27134,Vylių dėžutė pelėms Peti,vnt,73,84,59
27135,Milteliai Mettox CB 5,vnt,47,76,35
27136,Vylių dėžutė pelėms Peti,vnt,21,68,78
27137,Vylių dėžutė pelėms Peti,kg,9,66,21
27138,Milteliai Mettox CB 5,kg,47,58,46
27139,Pulnex,vnt,28,67,50
27140,Spąstai pelėms gyvagaudžiai Repeater (metaliniai),vnt,27,48,35
27141,Vylių dėžutė pelėms Peti,vnt,3,32,56
27142,Milteliai Mettox CB 5,kg,24,58,86
27143,Pulnex,kg,28,10,6
27144,Vylių dėžutė kartoninė pelėms,kg,34,95,99
27145,Spąstai pelėms gyvagaudžiai Repeater (metaliniai),kg,70,7,81
27146,Pulnex,vnt,31,47,30
27147,Spąstai pelėms gyvagaudžiai Repeater (metaliniai),kg,10,68,64
27148,Spąstai pelėms gyvagaudžiai Repeater (metaliniai),kg,82,89,62
27149,Spąstai pelėms gyvagaudžiai Repeater (metaliniai),vnt,2,94,100
27150,Pulnex,kg,41,41,37
27151,Milteliai Mettox CB 5,kg,50,10,26
27152,Milteliai Mettox CB 5,kg,7,61,75
27153,Milteliai Mettox CB 5,kg,7,46,94
27154,Spąstai pelėms gyvagaudžiai Repeater (metaliniai),kg,98,51,99
27155,Vylių dėžutė kartoninė pelėms,kg,88,61,11
27156,Vylių dėžutė pelėms Peti,vnt,52,28,9
27157,Vylių dėžutė pelėms Peti,vnt,27,38,77
27158,Vylių dėžutė kartoninė pelėms,vnt,6,59,28
27159,Spąstai pelėms gyvagaudžiai Repeater (metaliniai),vnt,54,86,40
27160,Vylių dėžutė kartoninė pelėms,vnt,50,46,6
27161,Vylių dėžutė kartoninė pelėms,kg,23,35,66
27162,Milteliai Mettox CB 5,kg,33,85,49
27163,Vylių dėžutė kartoninė pelėms,vnt,16,68,10
27164,Vylių dėžutė pelėms Peti,kg,78,98,79
27165,Pulnex,vnt,73,60,64
27166,Pulnex,kg,19,62,52
27167,Milteliai Mettox CB 5,kg,56,46,44
27168,Milteliai Mettox CB 5,vnt,66,54,63
27169,Pulnex,vnt,35,30,63
27170,Vylių dėžutė kartoninė pelėms,kg,83,23,19
27171,Spąstai pelėms gyvagaudžiai Repeater (metaliniai),kg,96,34,87
27172,Vylių dėžutė kartoninė pelėms,kg,93,78,8
27173,Vylių dėžutė kartoninė pelėms,kg,17,100,47
27174,Spąstai pelėms gyvagaudžiai Repeater (metaliniai),kg,25,26,75
27175,Vylių dėžutė pelėms Peti,kg,69,23,69
27176,Milteliai Mettox CB 5,vnt,90,13,90
27177,Pulnex,vnt,17,4,7
27178,Pulnex,vnt,52,96,40
27179,Vylių dėžutė kartoninė pelėms,kg,41,76,40
27180,Vylių dėžutė pelėms Peti,kg,60,13,61
27181,Milteliai Mettox CB 5,vnt,100,3,23
27182,Spąstai pelėms gyvagaudžiai Repeater (metaliniai),kg,90,57,47
27183,Spąstai pelėms gyvagaudžiai Repeater (metaliniai),vnt,20,96,69
27184,Milteliai Mettox CB 5,vnt,32,79,95
27185,Spąstai pelėms gyvagaudžiai Repeater (metaliniai),kg,34,12,13
27186,Spąstai pelėms gyvagaudžiai Repeater (metaliniai),vnt,48,33,12
27187,Pulnex,vnt,12,8,70
27188,Milteliai Mettox CB 5,vnt,3,24,32
27189,Vylių dėžutė kartoninė pelėms,kg,97,69,98
27190,Spąstai pelėms gyvagaudžiai Repeater (metaliniai),vnt,97,97,74
27191,Vylių dėžutė pelėms Peti,vnt,11,25,79
27192,Milteliai Mettox CB 5,vnt,78,71,31
27193,Vylių dėžutė pelėms Peti,vnt,97,1,86
27194,Spąstai pelėms gyvagaudžiai Repeater (metaliniai),kg,61,69,58
27195,Vylių dėžutė pelėms Peti,kg,60,90,87
27196,Vylių dėžutė kartoninė pelėms,vnt,82,55,51
27197,Vylių dėžutė kartoninė pelėms,kg,18,66,69
27198,Vylių dėžutė pelėms Peti,vnt,66,75,58
27199,Vylių dėžutė pelėms Peti,vnt,37,94,65
27200,Milteliai Mettox CB 5,vnt,99,83,29
27201,Vylių dėžutė kartoninė pelėms,vnt,47,16,64
27202,Milteliai Mettox CB 5,vnt,19,15,27
27203,Spąstai pelėms gyvagaudžiai Repeater (metaliniai),vnt,72,88,34
27204,Vylių dėžutė kartoninė pelėms,vnt,22,7,59
27205,Spąstai pelėms gyvagaudžiai Repeater (metaliniai),kg,22,16,96
27206,Vylių dėžutė pelėms Peti,kg,55,85,20
27207,Vylių dėžutė pelėms Peti,kg,95,29,55
27208,Vylių dėžutė kartoninė pelėms,vnt,28,77,76
27209,Vylių dėžutė kartoninė pelėms,kg,45,27,33
27210,Spąstai pelėms gyvagaudžiai Repeater (metaliniai),vnt,17,1,73
27211,Spąstai pelėms gyvagaudžiai Repeater (metaliniai),vnt,75,97,96
27212,Spąstai pelėms gyvagaudžiai Repeater (metaliniai),vnt,33,25,67
27213,Vylių dėžutė kartoninė pelėms,kg,7,47,37
27214,Spąstai pelėms gyvagaudžiai Repeater (metaliniai),kg,98,90,82
27215,Spąstai pelėms gyvagaudžiai Repeater (metaliniai),kg,27,18,71
27216,Vylių dėžutė kartoninė pelėms,vnt,37,77,97
27217,Pulnex,vnt,76,84,49
27218,Spąstai pelėms gyvagaudžiai Repeater (metaliniai),vnt,32,4,78
27219,Vylių dėžutė pelėms Peti,vnt,85,5,3
27220,Milteliai Mettox CB 5,vnt,7,20,56
27221,Vylių dėžutė pelėms Peti,vnt,100,15,11
27222,Spąstai pelėms gyvagaudžiai Repeater (metaliniai),vnt,7,7,52
27223,Pulnex,kg,3,79,99
27224,Vylių dėžutė kartoninė pelėms,kg,52,82,54
27225,Milteliai Mettox CB 5,vnt,9,14,85
27226,Pulnex,kg,51,18,55
27227,Pulnex,kg,47,7,21
27228,Vylių dėžutė kartoninė pelėms,vnt,96,64,83
27229,Vylių dėžutė kartoninė pelėms,vnt,98,50,44
27230,Vylių dėžutė pelėms Peti,vnt,94,47,82
27231,Vylių dėžutė kartoninė pelėms,vnt,62,56,89
27232,Vylių dėžutė kartoninė pelėms,vnt,24,98,85
27233,Spąstai pelėms gyvagaudžiai Repeater (metaliniai),kg,91,25,11
27234,Pulnex,vnt,87,7,45
27235,Spąstai pelėms gyvagaudžiai Repeater (metaliniai),vnt,10,67,3
27236,Vylių dėžutė kartoninė pelėms,vnt,3,47,9
27237,Vylių dėžutė pelėms Peti,vnt,85,46,49
27238,Spąstai pelėms gyvagaudžiai Repeater (metaliniai),vnt,16,97,89
27239,Vylių dėžutė pelėms Peti,vnt,93,91,99
27240,Pulnex,kg,80,89,9
27241,Milteliai Mettox CB 5,vnt,62,34,25
27242,Spąstai pelėms gyvagaudžiai Repeater (metaliniai),vnt,87,66,34
27243,Vylių dėžutė pelėms Peti,kg,27,79,95
27244,Spąstai pelėms gyvagaudžiai Repeater (metaliniai),vnt,87,91,49
27245,Spąstai pelėms gyvagaudžiai Repeater (metaliniai),vnt,23,68,80
27246,Milteliai Mettox CB 5,vnt,82,1,60
27247,Vylių dėžutė pelėms Peti,kg,18,51,57
27248,Vylių dėžutė kartoninė pelėms,kg,44,28,80
27249,Spąstai pelėms gyvagaudžiai Repeater (metaliniai),kg,30,4,2
27250,Milteliai Mettox CB 5,vnt,54,11,69
27251,Pulnex,vnt,59,25,54
27252,Milteliai Mettox CB 5,kg,25,19,46
27253,Vylių dėžutė pelėms Peti,kg,70,2,59
27254,Milteliai Mettox CB 5,kg,73,70,71
27255,Vylių dėžutė kartoninė pelėms,kg,94,82,51
27256,Vylių dėžutė pelėms Peti,kg,29,49,17
27257,Vylių dėžutė pelėms Peti,kg,3,56,74
27258,Vylių dėžutė kartoninė pelėms,vnt,19,81,13
27259,Spąstai pelėms gyvagaudžiai Repeater (metaliniai),vnt,21,34,66
27260,Spąstai pelėms gyvagaudžiai Repeater (metaliniai),vnt,9,52,30
27261,Spąstai pelėms gyvagaudžiai Repeater (metaliniai),kg,77,73,87
27262,Milteliai Mettox CB 5,vnt,92,56,16
27263,Pulnex,vnt,66,11,9
27264,Milteliai Mettox CB 5,vnt,2,58,48
27265,Pulnex,kg,12,35,57
27266,Spąstai pelėms gyvagaudžiai Repeater (metaliniai),kg,17,87,66
27267,Vylių dėžutė kartoninė pelėms,vnt,70,23,39
27268,Vylių dėžutė kartoninė pelėms,kg,6,48,5
27269,Milteliai Mettox CB 5,vnt,58,87,67
27270,Spąstai pelėms gyvagaudžiai Repeater (metaliniai),kg,33,68,84
27271,Spąstai pelėms gyvagaudžiai Repeater (metaliniai),vnt,6,92,16
27272,Spąstai pelėms gyvagaudžiai Repeater (metaliniai),vnt,29,78,55
27273,Vylių dėžutė pelėms Peti,kg,21,64,47
27274,Vylių dėžutė kartoninė pelėms,kg,96,65,66
27275,Pulnex,vnt,21,58,73
27276,Vylių dėžutė pelėms Peti,kg,98,20,91
27277,Vylių dėžutė pelėms Peti,vnt,72,87,91
27278,Vylių dėžutė pelėms Peti,kg,60,16,27
27279,Pulnex,kg,51,35,73
27280,Vylių dėžutė pelėms Peti,vnt,92,93,59
27281,Vylių dėžutė kartoninė pelėms,vnt,45,78,51
27282,Pulnex,vnt,75,15,84
27283,Spąstai pelėms gyvagaudžiai Repeater (metaliniai),vnt,84,37,83
27284,Spąstai pelėms gyvagaudžiai Repeater (metaliniai),kg,31,34,40
27285,Vylių dėžutė kartoninė pelėms,kg,50,8,83
27286,Milteliai Mettox CB 5,kg,76,14,97
27287,Milteliai Mettox CB 5,vnt,90,79,48
27288,Milteliai Mettox CB 5,vnt,12,15,9
27289,Vylių dėžutė pelėms Peti,vnt,5,80,16
27290,Vylių dėžutė pelėms Peti,vnt,40,17,87
27291,Spąstai pelėms gyvagaudžiai Repeater (metaliniai),vnt,34,30,82
27292,Pulnex,vnt,86,92,66
27293,Vylių dėžutė pelėms Peti,kg,36,71,4
27294,Vylių dėžutė pelėms Peti,kg,98,95,25
27295,Pulnex,vnt,5,11,69
27296,Milteliai Mettox CB 5,vnt,22,60,14
27297,Pulnex,kg,88,42,69
27298,Spąstai pelėms gyvagaudžiai Repeater (metaliniai),vnt,21,54,49
27299,Vylių dėžutė pelėms Peti,kg,75,21,6
27300,Spąstai pelėms gyvagaudžiai Repeater (metaliniai),kg,17,75,98
27301,Vylių dėžutė kartoninė pelėms,vnt,88,45,92
27302,Vylių dėžutė kartoninė pelėms,vnt,89,79,25
27303,Pulnex,vnt,65,89,29
27304,Milteliai Mettox CB 5,vnt,86,54,11
27305,Milteliai Mettox CB 5,kg,46,9,60
27306,Vylių dėžutė kartoninė pelėms,vnt,63,68,61
27307,Vylių dėžutė kartoninė pelėms,kg,43,48,54
27308,Milteliai Mettox CB 5,kg,19,22,82
27309,Vylių dėžutė kartoninė pelėms,kg,68,8,12
27310,Vylių dėžutė pelėms Peti,kg,69,82,95
27311,Spąstai pelėms gyvagaudžiai Repeater (metaliniai),kg,33,26,26
27312,Vylių dėžutė pelėms Peti,vnt,12,55,45
27313,Spąstai pelėms gyvagaudžiai Repeater (metaliniai),kg,54,14,62
27314,Pulnex,kg,65,26,70
27315,Vylių dėžutė kartoninė pelėms,vnt,93,15,77
27316,Pulnex,kg,18,74,93
27317,Pulnex,vnt,9,44,79
27318,Milteliai Mettox CB 5,kg,55,45,92
27319,Vylių dėžutė pelėms Peti,kg,6,54,31
27320,Spąstai pelėms gyvagaudžiai Repeater (metaliniai),vnt,78,32,86
27321,Vylių dėžutė kartoninė pelėms,vnt,55,40,93
27322,Milteliai Mettox CB 5,kg,3,48,17
27323,Vylių dėžutė pelėms Peti,vnt,70,3,3
27324,Vylių dėžutė kartoninė pelėms,kg,39,3,82
27325,Milteliai Mettox CB 5,kg,99,36,55
27326,Milteliai Mettox CB 5,kg,15,7,35
27327,Pulnex,vnt,13,55,94
27328,Pulnex,vnt,37,7,33
27329,Vylių dėžutė kartoninė pelėms,kg,92,23,5
27330,Vylių dėžutė pelėms Peti,vnt,41,34,72
27331,Milteliai Mettox CB 5,vnt,74,21,99
27332,Milteliai Mettox CB 5,kg,2,44,57
27333,Milteliai Mettox CB 5,kg,10,49,99
27334,Pulnex,vnt,84,40,60
27335,Pulnex,vnt,61,8,16
27336,Spąstai pelėms gyvagaudžiai Repeater (metaliniai),kg,85,7,35
27337,Vylių dėžutė kartoninė pelėms,kg,98,31,50
27338,Vylių dėžutė pelėms Peti,vnt,100,98,2
27339,Vylių dėžutė kartoninė pelėms,kg,46,66,82
27340,Vylių dėžutė kartoninė pelėms,vnt,35,27,9
27341,Vylių dėžutė pelėms Peti,kg,2,55,50
27342,Pulnex,kg,51,2,26
27343,Vylių dėžutė pelėms Peti,vnt,55,83,88
27344,Pulnex,vnt,47,4,76
27345,Vylių dėžutė kartoninė pelėms,vnt,9,94,25
27346,Vylių dėžutė pelėms Peti,kg,94,25,65
27347,Pulnex,kg,7,3,73
27348,Vylių dėžutė kartoninė pelėms,kg,93,7,21
27349,Pulnex,vnt,79,74,75
27350,Spąstai pelėms gyvagaudžiai Repeater (metaliniai),vnt,54,13,81
27351,Milteliai Mettox CB 5,vnt,40,39,55
27352,Spąstai pelėms gyvagaudžiai Repeater (metaliniai),kg,93,59,53
27353,Vylių dėžutė kartoninė pelėms,vnt,71,64,63
27354,Vylių dėžutė kartoninė pelėms,kg,83,36,27
27355,Pulnex,vnt,19,81,28
27356,Vylių dėžutė pelėms Peti,kg,5,47,59
27357,Vylių dėžutė pelėms Peti,vnt,20,26,14
27358,Spąstai pelėms gyvagaudžiai Repeater (metaliniai),vnt,42,67,49
27359,Vylių dėžutė pelėms Peti,kg,9,65,87
27360,Spąstai pelėms gyvagaudžiai Repeater (metaliniai),kg,6,54,45
27361,Milteliai Mettox CB 5,vnt,99,51,37
27362,Milteliai Mettox CB 5,kg,84,31,90
27363,Vylių dėžutė kartoninė pelėms,kg,66,62,43
27364,Spąstai pelėms gyvagaudžiai Repeater (metaliniai),kg,33,21,3
27365,Vylių dėžutė pelėms Peti,kg,26,90,80
27366,Pulnex,vnt,88,18,15
27367,Milteliai Mettox CB 5,kg,71,31,100
27368,Pulnex,vnt,44,91,88
27369,Milteliai Mettox CB 5,kg,5,99,95
27370,Vylių dėžutė kartoninė pelėms,vnt,31,80,98
27371,Milteliai Mettox CB 5,vnt,13,58,50
27372,Vylių dėžutė pelėms Peti,vnt,11,80,87
27373,Milteliai Mettox CB 5,kg,36,95,42
27374,Milteliai Mettox CB 5,kg,99,80,93
27375,Vylių dėžutė pelėms Peti,kg,26,91,12
27376,Pulnex,kg,89,50,17
27377,Vylių dėžutė pelėms Peti,vnt,77,98,40
27378,Milteliai Mettox CB 5,vnt,10,36,69
27379,Vylių dėžutė pelėms Peti,vnt,80,32,56
27380,Milteliai Mettox CB 5,vnt,58,20,47
27381,Vylių dėžutė kartoninė pelėms,kg,60,75,97
27382,Spąstai pelėms gyvagaudžiai Repeater (metaliniai),vnt,34,59,44
27383,Vylių dėžutė kartoninė pelėms,kg,26,26,42
27384,Spąstai pelėms gyvagaudžiai Repeater (metaliniai),vnt,31,74,88
27385,Vylių dėžutė pelėms Peti,vnt,48,79,2
27386,Pulnex,vnt,69,61,19
27387,Pulnex,kg,25,75,85
27388,Milteliai Mettox CB 5,kg,78,54,4
27389,Milteliai Mettox CB 5,kg,48,47,29
27390,Vylių dėžutė pelėms Peti,kg,81,21,86
27391,Spąstai pelėms gyvagaudžiai Repeater (metaliniai),kg,56,16,98
27392,Vylių dėžutė kartoninė pelėms,kg,98,26,79
27393,Pulnex,kg,88,40,16
27394,Spąstai pelėms gyvagaudžiai Repeater (metaliniai),vnt,61,50,15
27395,Spąstai pelėms gyvagaudžiai Repeater (metaliniai),vnt,18,11,18
27396,Vylių dėžutė kartoninė pelėms,kg,30,27,21
27397,Pulnex,vnt,40,70,9
27398,Milteliai Mettox CB 5,kg,27,35,52
27399,Pulnex,kg,92,93,90
27400,Pulnex,vnt,51,68,15
27401,Spąstai pelėms gyvagaudžiai Repeater (metaliniai),kg,86,82,43
27402,Pulnex,kg,43,32,54
27403,Spąstai pelėms gyvagaudžiai Repeater (metaliniai),kg,47,2,17
27404,Vylių dėžutė kartoninė pelėms,kg,43,83,74
27405,Vylių dėžutė pelėms Peti,vnt,24,86,81
27406,Pulnex,vnt,46,64,60
27407,Vylių dėžutė kartoninė pelėms,kg,91,45,9
27408,Milteliai Mettox CB 5,kg,36,75,80
27409,Vylių dėžutė pelėms Peti,kg,27,37,40
27410,Vylių dėžutė kartoninė pelėms,vnt,79,85,75
27411,Vylių dėžutė kartoninė pelėms,vnt,63,75,63
27412,Vylių dėžutė kartoninė pelėms,vnt,55,89,51
27413,Pulnex,kg,79,6,93
27414,Vylių dėžutė pelėms Peti,kg,40,23,13
27415,Pulnex,kg,51,46,49
27416,Vylių dėžutė pelėms Peti,vnt,41,68,72
27417,Pulnex,kg,50,78,94
27418,Pulnex,kg,82,67,9
27419,Milteliai Mettox CB 5,vnt,56,11,87
27420,Vylių dėžutė kartoninė pelėms,vnt,25,89,20
27421,Milteliai Mettox CB 5,kg,32,88,54
27422,Vylių dėžutė pelėms Peti,vnt,41,21,46
27423,Pulnex,kg,65,62,14
27424,Vylių dėžutė kartoninė pelėms,vnt,34,40,41
27425,Vylių dėžutė kartoninė pelėms,vnt,23,98,82
27426,Pulnex,kg,78,34,35
27427,Vylių dėžutė pelėms Peti,vnt,42,30,59
27428,Vylių dėžutė pelėms Peti,kg,37,36,30
27429,Vylių dėžutė pelėms Peti,kg,66,46,11
27430,Spąstai pelėms gyvagaudžiai Repeater (metaliniai),kg,85,12,43
27431,Milteliai Mettox CB 5,vnt,14,48,52
27432,Vylių dėžutė pelėms Peti,vnt,98,73,90
27433,Milteliai Mettox CB 5,vnt,60,75,100
27434,Pulnex,vnt,9,55,6
27435,Milteliai Mettox CB 5,kg,54,4,82
27436,Spąstai pelėms gyvagaudžiai Repeater (metaliniai),vnt,85,49,94
27437,Milteliai Mettox CB 5,vnt,47,41,22
27438,Vylių dėžutė pelėms Peti,kg,77,97,8
27439,Spąstai pelėms gyvagaudžiai Repeater (metaliniai),kg,78,26,4
27440,Spąstai pelėms gyvagaudžiai Repeater (metaliniai),kg,73,86,100
27441,Spąstai pelėms gyvagaudžiai Repeater (metaliniai),kg,35,32,27
27442,Pulnex,vnt,8,1,45
27443,Pulnex,kg,19,48,68
27444,Milteliai Mettox CB 5,kg,3,17,44
27445,Pulnex,vnt,73,88,9
27446,Spąstai pelėms gyvagaudžiai Repeater (metaliniai),vnt,53,49,51
27447,Vylių dėžutė kartoninė pelėms,kg,74,87,59
27448,Pulnex,kg,55,9,4
27449,Vylių dėžutė pelėms Peti,kg,31,18,57
27450,Vylių dėžutė pelėms Peti,vnt,4,100,75
27451,Vylių dėžutė kartoninė pelėms,kg,58,20,98
27452,Spąstai pelėms gyvagaudžiai Repeater (metaliniai),vnt,63,19,44
27453,Pulnex,vnt,70,87,58
27454,Milteliai Mettox CB 5,vnt,61,82,96
27455,Spąstai pelėms gyvagaudžiai Repeater (metaliniai),vnt,5,94,99
27456,Spąstai pelėms gyvagaudžiai Repeater (metaliniai),vnt,57,65,92
27457,Milteliai Mettox CB 5,kg,2,88,32
27458,Vylių dėžutė pelėms Peti,vnt,27,62,72
27459,Spąstai pelėms gyvagaudžiai Repeater (metaliniai),vnt,43,39,62
27460,Vylių dėžutė pelėms Peti,vnt,50,60,48
27461,Vylių dėžutė kartoninė pelėms,kg,29,49,17
27462,Milteliai Mettox CB 5,kg,8,83,76
27463,Vylių dėžutė pelėms Peti,kg,87,1,2
27464,Pulnex,vnt,55,45,62
27465,Milteliai Mettox CB 5,kg,37,69,53
27466,Vylių dėžutė pelėms Peti,vnt,19,48,29
27467,Spąstai pelėms gyvagaudžiai Repeater (metaliniai),vnt,52,95,41
27468,Spąstai pelėms gyvagaudžiai Repeater (metaliniai),kg,51,76,5
27469,Milteliai Mettox CB 5,vnt,18,13,76
27470,Pulnex,kg,76,74,76
27471,Milteliai Mettox CB 5,kg,89,73,70
27472,Vylių dėžutė kartoninė pelėms,vnt,38,60,19
27473,Spąstai pelėms gyvagaudžiai Repeater (metaliniai),kg,11,18,21
27474,Vylių dėžutė kartoninė pelėms,vnt,43,2,61
27475,Vylių dėžutė kartoninė pelėms,kg,36,65,41
27476,Pulnex,vnt,72,87,58
27477,Vylių dėžutė kartoninė pelėms,kg,59,36,96
27478,Milteliai Mettox CB 5,vnt,67,66,36
27479,Vylių dėžutė pelėms Peti,kg,62,96,49
27480,Vylių dėžutė pelėms Peti,kg,34,25,48
27481,Vylių dėžutė pelėms Peti,vnt,76,31,37
27482,Pulnex,kg,21,89,28
27483,Spąstai pelėms gyvagaudžiai Repeater (metaliniai),kg,51,37,71
27484,Vylių dėžutė kartoninė pelėms,vnt,48,13,30
27485,Vylių dėžutė pelėms Peti,vnt,62,46,93
27486,Pulnex,kg,39,45,53
27487,Vylių dėžutė pelėms Peti,kg,24,63,69
27488,Vylių dėžutė kartoninė pelėms,vnt,11,81,67
27489,Milteliai Mettox CB 5,vnt,2,89,95
27490,Spąstai pelėms gyvagaudžiai Repeater (metaliniai),kg,59,20,47
27491,Vylių dėžutė pelėms Peti,kg,45,49,49
27492,Milteliai Mettox CB 5,vnt,76,76,3
27493,Milteliai Mettox CB 5,vnt,42,52,25
27494,Pulnex,kg,3,21,92
27495,Spąstai pelėms gyvagaudžiai Repeater (metaliniai),vnt,50,71,48
27496,Vylių dėžutė kartoninė pelėms,kg,82,2,63
27497,Milteliai Mettox CB 5,vnt,66,73,39
27498,Pulnex,kg,97,90,85
27499,Vylių dėžutė pelėms Peti,kg,47,42,69
27500,Spąstai pelėms gyvagaudžiai Repeater (metaliniai),vnt,81,73,73
27501,Spąstai pelėms gyvagaudžiai Repeater (metaliniai),kg,31,21,12
27502,Spąstai pelėms gyvagaudžiai Repeater (metaliniai),vnt,54,60,67
27503,Pulnex,vnt,56,82,60
27504,Vylių dėžutė pelėms Peti,vnt,68,91,85
27505,Vylių dėžutė kartoninė pelėms,vnt,2,99,31
27506,Spąstai pelėms gyvagaudžiai Repeater (metaliniai),vnt,83,51,41
27507,Vylių dėžutė kartoninė pelėms,kg,82,86,43
27508,Vylių dėžutė pelėms Peti,vnt,8,47,22
27509,Spąstai pelėms gyvagaudžiai Repeater (metaliniai),vnt,9,30,44
27510,Spąstai pelėms gyvagaudžiai Repeater (metaliniai),kg,39,36,14
27511,Milteliai Mettox CB 5,vnt,4,25,86
27512,Milteliai Mettox CB 5,vnt,55,17,46
27513,Vylių dėžutė pelėms Peti,vnt,68,77,57
27514,Pulnex,vnt,20,18,17
27515,Vylių dėžutė kartoninė pelėms,vnt,80,50,21
27516,Milteliai Mettox CB 5,kg,44,62,54
27517,Vylių dėžutė kartoninė pelėms,vnt,42,61,9
27518,Milteliai Mettox CB 5,vnt,4,82,12
27519,Vylių dėžutė kartoninė pelėms,vnt,83,18,54
27520,Milteliai Mettox CB 5,kg,23,59,46
27521,Milteliai Mettox CB 5,vnt,38,19,50
27522,Vylių dėžutė kartoninė pelėms,kg,68,2,3
27523,Milteliai Mettox CB 5,vnt,87,63,20
27524,Vylių dėžutė pelėms Peti,vnt,14,100,71
27525,Milteliai Mettox CB 5,kg,48,9,67
27526,Pulnex,kg,95,24,6
27527,Vylių dėžutė kartoninė pelėms,vnt,5,78,81
27528,Vylių dėžutė kartoninė pelėms,kg,22,21,37
27529,Milteliai Mettox CB 5,kg,96,12,4
27530,Pulnex,kg,94,29,7
27531,Spąstai pelėms gyvagaudžiai Repeater (metaliniai),vnt,56,12,62
27532,Milteliai Mettox CB 5,kg,9,17,35
27533,Pulnex,vnt,98,19,34
27534,Spąstai pelėms gyvagaudžiai Repeater (metaliniai),vnt,69,100,94
27535,Pulnex,kg,36,1,35
27536,Milteliai Mettox CB 5,kg,42,33,43
27537,Vylių dėžutė kartoninė pelėms,vnt,97,4,9
27538,Vylių dėžutė kartoninė pelėms,kg,20,68,43
27539,Vylių dėžutė kartoninė pelėms,vnt,100,52,1
27540,Milteliai Mettox CB 5,kg,74,3,29
27541,Spąstai pelėms gyvagaudžiai Repeater (metaliniai),kg,53,3,9
27542,Vylių dėžutė pelėms Peti,kg,23,29,75
27543,Spąstai pelėms gyvagaudžiai Repeater (metaliniai),vnt,72,63,81
27544,Spąstai pelėms gyvagaudžiai Repeater (metaliniai),kg,7,100,88
27545,Vylių dėžutė kartoninė pelėms,vnt,70,49,6
27546,Spąstai pelėms gyvagaudžiai Repeater (metaliniai),vnt,35,43,85
27547,Spąstai pelėms gyvagaudžiai Repeater (metaliniai),kg,92,16,13
27548,Vylių dėžutė pelėms Peti,kg,55,23,32
27549,Milteliai Mettox CB 5,vnt,8,1,51
27550,Vylių dėžutė pelėms Peti,vnt,71,95,79
27551,Vylių dėžutė kartoninė pelėms,kg,33,27,92
27552,Milteliai Mettox CB 5,vnt,74,73,40
27553,Vylių dėžutė kartoninė pelėms,kg,50,50,53
27554,Spąstai pelėms gyvagaudžiai Repeater (metaliniai),kg,56,18,72
27555,Vylių dėžutė pelėms Peti,kg,60,95,47
27556,Pulnex,vnt,27,81,78
27557,Pulnex,kg,21,38,65
27558,Pulnex,vnt,62,86,49
27559,Pulnex,kg,85,51,93
27560,Milteliai Mettox CB 5,kg,42,93,30
27561,Pulnex,vnt,77,74,75
27562,Milteliai Mettox CB 5,vnt,58,50,64
27563,Milteliai Mettox CB 5,vnt,2,55,93
27564,Spąstai pelėms gyvagaudžiai Repeater (metaliniai),vnt,68,28,52
27565,Pulnex,kg,95,2,79
27566,Vylių dėžutė pelėms Peti,kg,92,30,31
27567,Milteliai Mettox CB 5,kg,10,97,17
27568,Vylių dėžutė pelėms Peti,kg,100,41,69
27569,Spąstai pelėms gyvagaudžiai Repeater (metaliniai),vnt,24,65,30
27570,Pulnex,kg,97,84,59
27571,Vylių dėžutė kartoninė pelėms,vnt,88,43,1
27572,Spąstai pelėms gyvagaudžiai Repeater (metaliniai),kg,39,58,60
27573,Spąstai pelėms gyvagaudžiai Repeater (metaliniai),vnt,2,79,76
27574,Pulnex,vnt,95,18,4
27575,Spąstai pelėms gyvagaudžiai Repeater (metaliniai),vnt,79,88,45
27576,Pulnex,kg,76,5,86
27577,Milteliai Mettox CB 5,vnt,86,21,96
27578,Vylių dėžutė pelėms Peti,vnt,26,25,44
27579,Vylių dėžutė pelėms Peti,vnt,22,87,72
27580,Vylių dėžutė pelėms Peti,kg,35,92,23
27581,Milteliai Mettox CB 5,vnt,3,17,43
27582,Vylių dėžutė kartoninė pelėms,kg,46,23,30
27583,Milteliai Mettox CB 5,vnt,83,17,78
27584,Spąstai pelėms gyvagaudžiai Repeater (metaliniai),kg,64,4,26
27585,Pulnex,vnt,20,30,75
27586,Vylių dėžutė pelėms Peti,kg,80,26,19
27587,Pulnex,vnt,74,5,80
27588,Pulnex,vnt,5,62,74
27589,Milteliai Mettox CB 5,vnt,30,17,9
27590,Pulnex,vnt,11,71,98
27591,Milteliai Mettox CB 5,vnt,86,56,8
27592,Vylių dėžutė kartoninė pelėms,kg,34,40,72
27593,Vylių dėžutė kartoninė pelėms,kg,35,26,46
27594,Pulnex,kg,97,19,5
27595,Spąstai pelėms gyvagaudžiai Repeater (metaliniai),vnt,98,100,70
27596,Pulnex,kg,64,17,76
27597,Spąstai pelėms gyvagaudžiai Repeater (metaliniai),vnt,54,47,9
27598,Spąstai pelėms gyvagaudžiai Repeater (metaliniai),kg,55,94,46
27599,Milteliai Mettox CB 5,kg,87,61,72
27600,Milteliai Mettox CB 5,vnt,15,28,94
27601,Pulnex,vnt,46,16,97
27602,Pulnex,kg,3,79,39
27603,Spąstai pelėms gyvagaudžiai Repeater (metaliniai),kg,92,32,86
27604,Vylių dėžutė pelėms Peti,vnt,92,55,86
27605,Milteliai Mettox CB 5,vnt,32,23,43
27606,Pulnex,vnt,17,18,83
27607,Pulnex,kg,81,56,52
27608,Spąstai pelėms gyvagaudžiai Repeater (metaliniai),vnt,74,79,49
27609,Pulnex,vnt,88,3,88
27610,Spąstai pelėms gyvagaudžiai Repeater (metaliniai),kg,80,64,58
27611,Spąstai pelėms gyvagaudžiai Repeater (metaliniai),kg,39,97,24
27612,Vylių dėžutė pelėms Peti,vnt,78,98,17
27613,Spąstai pelėms gyvagaudžiai Repeater (metaliniai),kg,53,41,63
27614,Pulnex,kg,34,78,96
27615,Vylių dėžutė pelėms Peti,vnt,53,70,92
27616,Vylių dėžutė kartoninė pelėms,kg,95,20,6
27617,Vylių dėžutė kartoninė pelėms,vnt,7,90,81
27618,Milteliai Mettox CB 5,vnt,80,7,67
27619,Vylių dėžutė pelėms Peti,vnt,74,49,8
27620,Milteliai Mettox CB 5,vnt,25,70,30
27621,Milteliai Mettox CB 5,vnt,19,74,22
27622,Pulnex,kg,64,5,33
27623,Spąstai pelėms gyvagaudžiai Repeater (metaliniai),vnt,18,76,46
27624,Vylių dėžutė pelėms Peti,kg,16,78,12
27625,Vylių dėžutė pelėms Peti,vnt,80,56,23
27626,Vylių dėžutė pelėms Peti,vnt,75,12,62
27627,Pulnex,kg,14,24,6
27628,Milteliai Mettox CB 5,kg,19,99,39
27629,Vylių dėžutė kartoninė pelėms,vnt,94,69,43
27630,Milteliai Mettox CB 5,vnt,48,55,44
27631,Vylių dėžutė kartoninė pelėms,kg,18,39,92
27632,Milteliai Mettox CB 5,kg,84,14,37
27633,Vylių dėžutė kartoninė pelėms,kg,69,59,42
27634,Spąstai pelėms gyvagaudžiai Repeater (metaliniai),vnt,76,93,91
27635,Pulnex,kg,59,8,13
27636,Pulnex,kg,79,50,1
27637,Milteliai Mettox CB 5,kg,37,39,48
27638,Milteliai Mettox CB 5,vnt,73,12,92
27639,Pulnex,vnt,11,79,15
27640,Vylių dėžutė kartoninė pelėms,vnt,8,28,45
27641,Vylių dėžutė pelėms Peti,kg,89,58,48
27642,Pulnex,vnt,94,80,8
27643,Vylių dėžutė pelėms Peti,kg,17,31,40
27644,Spąstai pelėms gyvagaudžiai Repeater (metaliniai),vnt,18,37,71
27645,Pulnex,kg,27,21,24
27646,Vylių dėžutė kartoninė pelėms,vnt,76,50,100
27647,Milteliai Mettox CB 5,kg,41,10,6
27648,Vylių dėžutė pelėms Peti,kg,65,82,90
27649,Spąstai pelėms gyvagaudžiai Repeater (metaliniai),vnt,90,89,7
27650,Milteliai Mettox CB 5,vnt,66,48,89
27651,Milteliai Mettox CB 5,vnt,34,63,77
27652,Vylių dėžutė kartoninė pelėms,kg,49,33,54
27653,Vylių dėžutė kartoninė pelėms,vnt,3,89,62
27654,Pulnex,vnt,72,73,59
27655,Spąstai pelėms gyvagaudžiai Repeater (metaliniai),kg,35,51,34
27656,Vylių dėžutė kartoninė pelėms,vnt,86,8,28
27657,Spąstai pelėms gyvagaudžiai Repeater (metaliniai),kg,84,7,6
27658,Spąstai pelėms gyvagaudžiai Repeater (metaliniai),vnt,10,10,96
27659,Spąstai pelėms gyvagaudžiai Repeater (metaliniai),vnt,49,66,48
27660,Pulnex,vnt,24,82,46
27661,Vylių dėžutė pelėms Peti,kg,91,17,93
27662,Milteliai Mettox CB 5,vnt,73,9,67
27663,Vylių dėžutė pelėms Peti,vnt,10,84,90
27664,Pulnex,kg,54,25,55
27665,Vylių dėžutė kartoninė pelėms,vnt,13,98,54
27666,Vylių dėžutė kartoninė pelėms,kg,27,84,88
27667,Spąstai pelėms gyvagaudžiai Repeater (metaliniai),vnt,30,63,83
27668,Milteliai Mettox CB 5,vnt,41,95,96
27669,Pulnex,vnt,78,17,78
27670,Spąstai pelėms gyvagaudžiai Repeater (metaliniai),kg,23,21,56
27671,Spąstai pelėms gyvagaudžiai Repeater (metaliniai),vnt,43,89,66
27672,Vylių dėžutė pelėms Peti,kg,73,24,31
27673,Spąstai pelėms gyvagaudžiai Repeater (metaliniai),vnt,97,90,59
27674,Spąstai pelėms gyvagaudžiai Repeater (metaliniai),kg,45,20,7
27675,Milteliai Mettox CB 5,kg,1,18,43
27676,Spąstai pelėms gyvagaudžiai Repeater (metaliniai),vnt,73,1,5
27677,Milteliai Mettox CB 5,vnt,74,72,65
27678,Milteliai Mettox CB 5,vnt,13,12,91
27679,Vylių dėžutė kartoninė pelėms,vnt,86,40,63
27680,Vylių dėžutė kartoninė pelėms,kg,75,90,38
27681,Vylių dėžutė pelėms Peti,kg,64,82,47
27682,Pulnex,vnt,32,79,60
27683,Milteliai Mettox CB 5,kg,37,10,78
27684,Pulnex,kg,45,14,61
27685,Milteliai Mettox CB 5,vnt,34,21,98
27686,Vylių dėžutė pelėms Peti,vnt,16,71,55
27687,Vylių dėžutė kartoninė pelėms,vnt,84,16,32
27688,Milteliai Mettox CB 5,kg,92,63,100
27689,Vylių dėžutė kartoninė pelėms,vnt,6,87,8
27690,Vylių dėžutė pelėms Peti,vnt,57,29,2
27691,Pulnex,vnt,59,52,85
27692,Vylių dėžutė kartoninė pelėms,kg,50,72,18
27693,Pulnex,kg,68,89,40
27694,Vylių dėžutė pelėms Peti,kg,61,91,82
27695,Vylių dėžutė kartoninė pelėms,kg,80,66,28
27696,Vylių dėžutė pelėms Peti,kg,16,45,77
27697,Pulnex,vnt,40,77,14
27698,Milteliai Mettox CB 5,kg,61,74,4
27699,Spąstai pelėms gyvagaudžiai Repeater (metaliniai),vnt,28,45,67
27700,Spąstai pelėms gyvagaudžiai Repeater (metaliniai),kg,86,27,35
27701,Spąstai pelėms gyvagaudžiai Repeater (metaliniai),vnt,77,46,52
27702,Pulnex,kg,1,20,78
27703,Spąstai pelėms gyvagaudžiai Repeater (metaliniai),kg,40,18,14
27704,Vylių dėžutė kartoninė pelėms,kg,46,13,15
27705,Vylių dėžutė kartoninė pelėms,vnt,93,76,35
27706,Vylių dėžutė kartoninė pelėms,kg,79,44,69
27707,Pulnex,kg,55,90,56
27708,Pulnex,vnt,90,7,14
27709,Spąstai pelėms gyvagaudžiai Repeater (metaliniai),vnt,51,7,2
27710,Spąstai pelėms gyvagaudžiai Repeater (metaliniai),vnt,43,9,72
27711,Vylių dėžutė kartoninė pelėms,vnt,61,51,34
27712,Vylių dėžutė pelėms Peti,kg,76,74,53
27713,Vylių dėžutė kartoninė pelėms,vnt,63,99,78
27714,Pulnex,kg,72,8,12
27715,Vylių dėžutė pelėms Peti,vnt,96,36,81
27716,Vylių dėžutė pelėms Peti,vnt,40,39,9
27717,Pulnex,vnt,67,72,47
27718,Vylių dėžutė pelėms Peti,vnt,55,76,41
27719,Pulnex,kg,28,71,19
27720,Pulnex,vnt,24,78,97
27721,Milteliai Mettox CB 5,vnt,71,30,99
27722,Vylių dėžutė kartoninė pelėms,kg,98,91,65
27723,Pulnex,kg,62,73,72
27724,Pulnex,vnt,39,63,48
27725,Spąstai pelėms gyvagaudžiai Repeater (metaliniai),vnt,68,7,40
27726,Vylių dėžutė pelėms Peti,kg,29,10,89
27727,Milteliai Mettox CB 5,kg,52,96,74
27728,Vylių dėžutė kartoninė pelėms,kg,100,48,38
27729,Spąstai pelėms gyvagaudžiai Repeater (metaliniai),vnt,39,26,27
27730,Pulnex,kg,99,49,95
27731,Vylių dėžutė kartoninė pelėms,kg,65,15,33
27732,Pulnex,kg,45,33,10
27733,Milteliai Mettox CB 5,vnt,54,85,54
27734,Milteliai Mettox CB 5,kg,1,27,83
27735,Milteliai Mettox CB 5,vnt,37,77,17
27736,Spąstai pelėms gyvagaudžiai Repeater (metaliniai),vnt,50,62,36
27737,Vylių dėžutė kartoninė pelėms,kg,63,9,22
27738,Vylių dėžutė pelėms Peti,kg,23,41,47
27739,Milteliai Mettox CB 5,vnt,4,86,59
27740,Vylių dėžutė kartoninė pelėms,kg,94,59,39
27741,Spąstai pelėms gyvagaudžiai Repeater (metaliniai),vnt,30,12,74
27742,Vylių dėžutė kartoninė pelėms,vnt,61,95,36
27743,Vylių dėžutė pelėms Peti,kg,44,60,48
27744,Spąstai pelėms gyvagaudžiai Repeater (metaliniai),vnt,61,88,96
27745,Pulnex,kg,69,11,5
27746,Milteliai Mettox CB 5,vnt,17,22,27
27747,Vylių dėžutė kartoninė pelėms,vnt,24,85,9
27748,Vylių dėžutė pelėms Peti,kg,84,58,26
27749,Pulnex,vnt,65,62,14
27750,Pulnex,kg,69,72,15
27751,Spąstai pelėms gyvagaudžiai Repeater (metaliniai),vnt,34,33,89
27752,Milteliai Mettox CB 5,vnt,57,56,82
27753,Vylių dėžutė pelėms Peti,kg,78,7,96
27754,Vylių dėžutė pelėms Peti,kg,27,70,61
27755,Vylių dėžutė kartoninė pelėms,vnt,15,16,51
27756,Milteliai Mettox CB 5,kg,78,97,99
27757,Vylių dėžutė pelėms Peti,vnt,78,26,92
27758,Spąstai pelėms gyvagaudžiai Repeater (metaliniai),vnt,52,24,20
27759,Milteliai Mettox CB 5,kg,30,11,13
27760,Milteliai Mettox CB 5,vnt,16,52,68
27761,Spąstai pelėms gyvagaudžiai Repeater (metaliniai),kg,57,91,19
27762,Pulnex,kg,46,84,15
27763,Vylių dėžutė kartoninė pelėms,vnt,75,23,2
27764,Spąstai pelėms gyvagaudžiai Repeater (metaliniai),vnt,66,19,12
27765,Vylių dėžutė pelėms Peti,vnt,18,15,62
27766,Milteliai Mettox CB 5,kg,60,46,92
27767,Milteliai Mettox CB 5,kg,95,84,13
27768,Pulnex,vnt,31,60,74
27769,Vylių dėžutė kartoninė pelėms,kg,49,20,26
27770,Vylių dėžutė kartoninė pelėms,vnt,15,16,5
27771,Milteliai Mettox CB 5,kg,56,43,16
27772,Pulnex,vnt,57,77,19
27773,Vylių dėžutė kartoninė pelėms,kg,41,43,87
27774,Vylių dėžutė kartoninė pelėms,vnt,77,84,16
27775,Vylių dėžutė kartoninė pelėms,kg,20,99,50
27776,Vylių dėžutė kartoninė pelėms,kg,36,60,66
27777,Milteliai Mettox CB 5,vnt,67,95,28
27778,Vylių dėžutė pelėms Peti,kg,1,39,89
27779,Pulnex,vnt,93,60,29
27780,Spąstai pelėms gyvagaudžiai Repeater (metaliniai),kg,86,57,96
27781,Pulnex,kg,26,20,5
27782,Spąstai pelėms gyvagaudžiai Repeater (metaliniai),vnt,55,10,25
27783,Pulnex,kg,9,86,45
27784,Milteliai Mettox CB 5,vnt,57,37,6
27785,Vylių dėžutė kartoninė pelėms,vnt,92,38,16
27786,Milteliai Mettox CB 5,kg,28,6,73
27787,Milteliai Mettox CB 5,kg,79,49,27
27788,Vylių dėžutė pelėms Peti,kg,92,38,33
27789,Pulnex,vnt,83,25,42
27790,Milteliai Mettox CB 5,vnt,9,83,98
27791,Pulnex,kg,54,6,65
27792,Spąstai pelėms gyvagaudžiai Repeater (metaliniai),kg,82,97,32
27793,Vylių dėžutė kartoninė pelėms,kg,38,33,70
27794,Spąstai pelėms gyvagaudžiai Repeater (metaliniai),kg,93,55,54
27795,Milteliai Mettox CB 5,vnt,10,8,95
27796,Vylių dėžutė kartoninė pelėms,kg,55,61,17
27797,Vylių dėžutė kartoninė pelėms,vnt,44,5,81
27798,Pulnex,vnt,6,90,71
27799,Milteliai Mettox CB 5,kg,91,75,77
27800,Spąstai pelėms gyvagaudžiai Repeater (metaliniai),kg,93,53,94
27801,Vylių dėžutė kartoninė pelėms,vnt,64,55,86
27802,Vylių dėžutė kartoninė pelėms,kg,21,13,67
27803,Milteliai Mettox CB 5,vnt,42,81,69
27804,Milteliai Mettox CB 5,vnt,43,28,79
27805,Pulnex,vnt,23,4,40
27806,Vylių dėžutė pelėms Peti,vnt,79,91,17
27807,Spąstai pelėms gyvagaudžiai Repeater (metaliniai),kg,95,35,92
27808,Vylių dėžutė pelėms Peti,vnt,98,1,5
27809,Spąstai pelėms gyvagaudžiai Repeater (metaliniai),kg,69,7,18
27810,Milteliai Mettox CB 5,kg,7,79,56
27811,Vylių dėžutė pelėms Peti,vnt,21,9,95
27812,Spąstai pelėms gyvagaudžiai Repeater (metaliniai),kg,59,39,99
27813,Spąstai pelėms gyvagaudžiai Repeater (metaliniai),kg,35,70,46
27814,Milteliai Mettox CB 5,kg,38,24,50
27815,Vylių dėžutė kartoninė pelėms,vnt,87,10,94
27816,Pulnex,kg,22,12,26
27817,Spąstai pelėms gyvagaudžiai Repeater (metaliniai),vnt,17,98,6
27818,Pulnex,vnt,14,71,97
27819,Pulnex,kg,8,46,15
27820,Vylių dėžutė kartoninė pelėms,vnt,64,90,95
27821,Pulnex,kg,83,1,42
27822,Spąstai pelėms gyvagaudžiai Repeater (metaliniai),kg,89,98,17
27823,Pulnex,vnt,14,31,73
27824,Pulnex,kg,31,33,13
27825,Milteliai Mettox CB 5,kg,58,35,90
27826,Spąstai pelėms gyvagaudžiai Repeater (metaliniai),vnt,62,36,78
27827,Vylių dėžutė kartoninė pelėms,kg,10,38,50
27828,Vylių dėžutė kartoninė pelėms,kg,55,40,11
27829,Spąstai pelėms gyvagaudžiai Repeater (metaliniai),vnt,86,85,84
27830,Vylių dėžutė kartoninė pelėms,kg,27,88,36
27831,Milteliai Mettox CB 5,kg,80,97,50
27832,Spąstai pelėms gyvagaudžiai Repeater (metaliniai),vnt,37,30,6
27833,Pulnex,vnt,55,23,24
27834,Pulnex,vnt,37,59,13
27835,Vylių dėžutė kartoninė pelėms,kg,66,33,14
27836,Vylių dėžutė kartoninė pelėms,vnt,18,76,77
27837,Vylių dėžutė kartoninė pelėms,kg,92,33,12
27838,Vylių dėžutė kartoninė pelėms,kg,81,79,31
27839,Vylių dėžutė pelėms Peti,vnt,17,41,16
27840,Milteliai Mettox CB 5,kg,90,76,4
27841,Pulnex,kg,34,68,55
27842,Vylių dėžutė kartoninė pelėms,kg,45,65,94
27843,Milteliai Mettox CB 5,kg,9,14,50
27844,Milteliai Mettox CB 5,vnt,51,2,34
27845,Vylių dėžutė pelėms Peti,vnt,26,98,28
27846,Vylių dėžutė kartoninė pelėms,kg,73,31,14
27847,Spąstai pelėms gyvagaudžiai Repeater (metaliniai),kg,37,10,1
27848,Vylių dėžutė pelėms Peti,vnt,19,36,22
27849,Pulnex,vnt,39,20,70
27850,Vylių dėžutė pelėms Peti,kg,25,40,41
27851,Vylių dėžutė kartoninė pelėms,kg,28,85,19
27852,Vylių dėžutė kartoninė pelėms,kg,57,28,57
27853,Spąstai pelėms gyvagaudžiai Repeater (metaliniai),kg,90,6,14
27854,Vylių dėžutė pelėms Peti,vnt,70,9,32
27855,Vylių dėžutė pelėms Peti,kg,89,31,40
27856,Vylių dėžutė kartoninė pelėms,kg,80,84,58
27857,Milteliai Mettox CB 5,kg,79,49,26
27858,Vylių dėžutė pelėms Peti,kg,52,54,32
27859,Pulnex,kg,36,97,29
27860,Vylių dėžutė kartoninė pelėms,vnt,26,19,96
27861,Vylių dėžutė kartoninė pelėms,kg,16,47,40
27862,Vylių dėžutė kartoninė pelėms,kg,59,35,88
27863,Pulnex,vnt,30,96,4
27864,Vylių dėžutė kartoninė pelėms,vnt,8,7,47
27865,Milteliai Mettox CB 5,kg,70,76,12
27866,Vylių dėžutė pelėms Peti,kg,99,25,43
27867,Vylių dėžutė pelėms Peti,vnt,53,9,28
27868,Vylių dėžutė pelėms Peti,vnt,32,51,99
27869,Pulnex,vnt,54,50,63
27870,Vylių dėžutė kartoninė pelėms,kg,56,66,12
27871,Pulnex,kg,26,73,81
27872,Milteliai Mettox CB 5,vnt,4,37,96
27873,Vylių dėžutė kartoninė pelėms,kg,77,99,39
27874,Pulnex,vnt,3,37,42
27875,Pulnex,vnt,9,56,6
27876,Spąstai pelėms gyvagaudžiai Repeater (metaliniai),kg,10,28,79
27877,Milteliai Mettox CB 5,kg,84,48,3
27878,Spąstai pelėms gyvagaudžiai Repeater (metaliniai),vnt,74,68,21
27879,Spąstai pelėms gyvagaudžiai Repeater (metaliniai),kg,51,45,12
27880,Vylių dėžutė pelėms Peti,kg,3,93,86
27881,Vylių dėžutė kartoninė pelėms,vnt,42,53,50
27882,Vylių dėžutė kartoninė pelėms,kg,63,57,52
27883,Vylių dėžutė kartoninė pelėms,vnt,81,25,25
27884,Vylių dėžutė pelėms Peti,vnt,10,57,55
27885,Milteliai Mettox CB 5,kg,69,81,70
27886,Vylių dėžutė pelėms Peti,vnt,19,83,63
27887,Pulnex,kg,58,46,79
27888,Pulnex,vnt,3,70,48
27889,Vylių dėžutė kartoninė pelėms,kg,26,35,35
27890,Vylių dėžutė kartoninė pelėms,kg,23,59,74
27891,Spąstai pelėms gyvagaudžiai Repeater (metaliniai),vnt,99,46,70
27892,Spąstai pelėms gyvagaudžiai Repeater (metaliniai),kg,40,87,9
27893,Pulnex,vnt,36,60,36
27894,Pulnex,vnt,27,17,36
27895,Spąstai pelėms gyvagaudžiai Repeater (metaliniai),vnt,47,100,6
27896,Vylių dėžutė pelėms Peti,kg,24,3,8
27897,Vylių dėžutė pelėms Peti,vnt,97,96,26
27898,Spąstai pelėms gyvagaudžiai Repeater (metaliniai),vnt,52,6,50
27899,Spąstai pelėms gyvagaudžiai Repeater (metaliniai),kg,40,97,69
27900,Spąstai pelėms gyvagaudžiai Repeater (metaliniai),kg,35,2,28
27901,Spąstai pelėms gyvagaudžiai Repeater (metaliniai),vnt,99,17,76
27902,Pulnex,vnt,25,27,1
27903,Milteliai Mettox CB 5,kg,81,29,19
27904,Pulnex,vnt,82,58,1
27905,Milteliai Mettox CB 5,kg,9,71,15
27906,Spąstai pelėms gyvagaudžiai Repeater (metaliniai),kg,25,12,47
27907,Vylių dėžutė kartoninė pelėms,vnt,23,50,100
27908,Vylių dėžutė pelėms Peti,vnt,98,23,81
27909,Vylių dėžutė pelėms Peti,vnt,4,78,85
27910,Milteliai Mettox CB 5,vnt,80,5,42
27911,Spąstai pelėms gyvagaudžiai Repeater (metaliniai),kg,60,89,6
27912,Spąstai pelėms gyvagaudžiai Repeater (metaliniai),vnt,51,99,78
27913,Vylių dėžutė pelėms Peti,vnt,60,19,1
27914,Vylių dėžutė kartoninė pelėms,kg,55,57,40
27915,Milteliai Mettox CB 5,vnt,96,39,32
27916,Spąstai pelėms gyvagaudžiai Repeater (metaliniai),vnt,16,59,66
27917,Vylių dėžutė kartoninė pelėms,kg,1,17,27
27918,Pulnex,vnt,92,56,89
27919,Spąstai pelėms gyvagaudžiai Repeater (metaliniai),vnt,40,29,71
27920,Milteliai Mettox CB 5,vnt,88,94,45
27921,Milteliai Mettox CB 5,kg,99,23,67
27922,Milteliai Mettox CB 5,kg,28,46,61
27923,Vylių dėžutė pelėms Peti,kg,99,93,18
27924,Milteliai Mettox CB 5,vnt,8,16,54
27925,Vylių dėžutė pelėms Peti,vnt,6,36,14
27926,Spąstai pelėms gyvagaudžiai Repeater (metaliniai),vnt,2,65,70
27927,Vylių dėžutė kartoninė pelėms,vnt,98,46,15
27928,Spąstai pelėms gyvagaudžiai Repeater (metaliniai),vnt,17,91,21
27929,Spąstai pelėms gyvagaudžiai Repeater (metaliniai),vnt,23,76,76
27930,Milteliai Mettox CB 5,vnt,74,48,16
27931,Milteliai Mettox CB 5,kg,1,34,79
27932,Pulnex,kg,55,16,75
27933,Milteliai Mettox CB 5,vnt,68,21,8
27934,Vylių dėžutė pelėms Peti,vnt,83,100,75
27935,Pulnex,vnt,58,26,52
27936,Milteliai Mettox CB 5,vnt,52,8,12
27937,Spąstai pelėms gyvagaudžiai Repeater (metaliniai),kg,56,68,69
27938,Milteliai Mettox CB 5,vnt,79,89,97
27939,Vylių dėžutė kartoninė pelėms,kg,59,21,32
27940,Spąstai pelėms gyvagaudžiai Repeater (metaliniai),kg,16,49,3
27941,Vylių dėžutė pelėms Peti,vnt,79,49,77
27942,Milteliai Mettox CB 5,vnt,42,82,90
27943,Vylių dėžutė kartoninė pelėms,kg,25,9,17
27944,Vylių dėžutė pelėms Peti,kg,98,72,31
27945,Vylių dėžutė pelėms Peti,kg,42,53,47
27946,Spąstai pelėms gyvagaudžiai Repeater (metaliniai),kg,50,89,68
27947,Vylių dėžutė kartoninė pelėms,vnt,19,30,28
27948,Vylių dėžutė pelėms Peti,vnt,9,37,42
27949,Vylių dėžutė pelėms Peti,vnt,90,23,99
27950,Pulnex,kg,42,4,88
27951,Spąstai pelėms gyvagaudžiai Repeater (metaliniai),vnt,13,14,51
27952,Vylių dėžutė kartoninė pelėms,vnt,69,9,77
27953,Milteliai Mettox CB 5,vnt,56,55,90
27954,Vylių dėžutė pelėms Peti,vnt,49,92,88
27955,Vylių dėžutė pelėms Peti,vnt,78,80,12
27956,Spąstai pelėms gyvagaudžiai Repeater (metaliniai),vnt,28,18,89
27957,Pulnex,vnt,87,28,3
27958,Milteliai Mettox CB 5,vnt,90,6,95
27959,Spąstai pelėms gyvagaudžiai Repeater (metaliniai),kg,55,21,97
27960,Vylių dėžutė kartoninė pelėms,kg,47,92,95
27961,Milteliai Mettox CB 5,vnt,84,12,62
27962,Vylių dėžutė pelėms Peti,vnt,47,23,6
27963,Milteliai Mettox CB 5,kg,94,22,66
27964,Vylių dėžutė pelėms Peti,vnt,52,87,64
27965,Vylių dėžutė kartoninė pelėms,vnt,5,1,73
27966,Pulnex,kg,77,48,36
27967,Spąstai pelėms gyvagaudžiai Repeater (metaliniai),vnt,17,55,94
27968,Spąstai pelėms gyvagaudžiai Repeater (metaliniai),kg,82,25,73
27969,Vylių dėžutė pelėms Peti,vnt,10,82,82
27970,Spąstai pelėms gyvagaudžiai Repeater (metaliniai),vnt,40,27,64
27971,Pulnex,vnt,16,8,73
27972,Vylių dėžutė pelėms Peti,kg,16,65,57
27973,Vylių dėžutė kartoninė pelėms,kg,39,68,90
27974,Milteliai Mettox CB 5,kg,39,15,71
27975,Pulnex,kg,31,21,83
27976,Pulnex,vnt,61,53,22
27977,Milteliai Mettox CB 5,vnt,94,40,64
27978,Spąstai pelėms gyvagaudžiai Repeater (metaliniai),kg,73,82,94
27979,Milteliai Mettox CB 5,kg,29,68,2
27980,Pulnex,kg,47,58,16
27981,Pulnex,vnt,18,48,89
27982,Pulnex,vnt,85,61,13
27983,Pulnex,vnt,68,99,25
27984,Milteliai Mettox CB 5,vnt,53,4,47
27985,Vylių dėžutė kartoninė pelėms,kg,81,76,1
27986,Vylių dėžutė pelėms Peti,vnt,1,28,51
27987,Pulnex,kg,20,34,93
27988,Pulnex,kg,53,93,94
27989,Spąstai pelėms gyvagaudžiai Repeater (metaliniai),vnt,79,32,97
27990,Pulnex,vnt,62,56,67
27991,Pulnex,kg,99,88,77
27992,Vylių dėžutė pelėms Peti,vnt,70,100,97
27993,Milteliai Mettox CB 5,kg,42,40,49
27994,Milteliai Mettox CB 5,kg,83,87,40
27995,Spąstai pelėms gyvagaudžiai Repeater (metaliniai),vnt,38,55,84
27996,Milteliai Mettox CB 5,vnt,47,95,13
27997,Pulnex,kg,14,11,91
27998,Vylių dėžutė pelėms Peti,kg,60,60,8
27999,Vylių dėžutė kartoninė pelėms,vnt,24,98,20
28000,Spąstai pelėms gyvagaudžiai Repeater (metaliniai),kg,68,55,19
28001,Pulnex,kg,71,45,86
28002,Vylių dėžutė kartoninė pelėms,vnt,43,100,72
28003,Vylių dėžutė kartoninė pelėms,kg,74,69,22
28004,Spąstai pelėms gyvagaudžiai Repeater (metaliniai),vnt,31,24,18
28005,Milteliai Mettox CB 5,vnt,98,62,77
28006,Pulnex,kg,10,85,88
28007,Milteliai Mettox CB 5,vnt,19,98,37
28008,Pulnex,vnt,14,48,51
28009,Vylių dėžutė pelėms Peti,kg,62,60,71
28010,Vylių dėžutė pelėms Peti,kg,29,14,47
28011,Vylių dėžutė kartoninė pelėms,vnt,26,44,13
28012,Pulnex,vnt,46,12,46
28013,Milteliai Mettox CB 5,kg,38,53,38
28014,Spąstai pelėms gyvagaudžiai Repeater (metaliniai),vnt,89,88,4
28015,Milteliai Mettox CB 5,vnt,7,2,32
28016,Spąstai pelėms gyvagaudžiai Repeater (metaliniai),vnt,55,6,99
28017,Pulnex,vnt,51,27,96
28018,Spąstai pelėms gyvagaudžiai Repeater (metaliniai),kg,57,10,41
28019,Pulnex,kg,81,41,96
28020,Pulnex,kg,52,7,2
28021,Vylių dėžutė kartoninė pelėms,kg,74,62,47
28022,Pulnex,kg,32,61,45
28023,Milteliai Mettox CB 5,vnt,97,81,88
28024,Vylių dėžutė pelėms Peti,kg,17,49,54
28025,Vylių dėžutė kartoninė pelėms,vnt,97,38,91
28026,Vylių dėžutė pelėms Peti,vnt,5,44,62
28027,Pulnex,vnt,7,80,62
28028,Vylių dėžutė kartoninė pelėms,vnt,1,86,46
28029,Vylių dėžutė kartoninė pelėms,kg,7,41,97
28030,Vylių dėžutė pelėms Peti,kg,41,12,81
